{"is_source_file": false, "format": "", "description": "", "external_files": [], "external_methods": [], "published": [], "classes": [], "methods": [], "calls": [], "search-terms": [], "state": 2, "file_id": 4, "knowledge_revision": 8, "git_revision": "cc74d66193a87fb374bfdd7a4b2d60b7e5acf0bd", "hash": "2b28f7db0a7e03ff8ae17f869640cfee", "format-version": 4, "code-base-name": "sudoku_solver_backend", "filename": "README.md", "revision_history": [{"8": "cc74d66193a87fb374bfdd7a4b2d60b7e5acf0bd"}]}