{"is_source_file": true, "file_id": 3, "git_revision": "40e28127f076d62855adfca944f21825c26079d9", "state": 2, "description": "", "external_files": [], "external_methods": [], "published": [], "classes": [], "methods": [], "calls": [], "search-terms": [], "ctags": [], "hash": null, "format-version": 4, "code-base-name": "sudoku_solver_backend", "filename": "sudoku_solver_backend/src/api/__init__.py", "knowledge_revision": 9, "revision_history": [{"9": "40e28127f076d62855adfca944f21825c26079d9"}]}