{"is_source_file": true, "format": "Python", "description": "This file sets up a simple FastAPI web server with CORS middleware and defines a health check endpoint.", "external_files": ["fastapi", "fastapi.middleware.cors"], "external_methods": ["FastAPI", "CORSMiddleware"], "published": ["app"], "classes": [], "methods": [{"name": "health_check()", "description": "A health check endpoint responding with a 'Healthy' message.", "scope": "", "scopeKind": ""}], "calls": ["FastAPI()", "app.add_middleware", "CORSMiddleware", "app.get"], "search-terms": ["FastAPI", "CORS", "main.py", "health check", "web server"], "state": 2, "file_id": 2, "knowledge_revision": 7, "git_revision": "40e28127f076d62855adfca944f21825c26079d9", "ctags": [{"_type": "tag", "name": "app", "path": "/home/kavia/workspace/code-generation/sudoku-solver-web-app-201454-201463/sudoku_solver_backend/src/api/main.py", "pattern": "/^app = FastAPI()$/", "language": "Python", "kind": "variable"}, {"_type": "tag", "name": "health_check", "path": "/home/kavia/workspace/code-generation/sudoku-solver-web-app-201454-201463/sudoku_solver_backend/src/api/main.py", "pattern": "/^def health_check():$/", "language": "Python", "kind": "function", "signature": "()"}], "hash": "58352bf5f133908bab16643199aa483d", "format-version": 4, "code-base-name": "sudoku_solver_backend", "filename": "sudoku_solver_backend/src/api/main.py", "fields": [{"name": "app = FastAPI()", "scope": "", "scopeKind": "", "description": "unavailable"}], "revision_history": [{"7": "40e28127f076d62855adfca944f21825c26079d9"}]}