{"is_source_file": true, "format": "Python", "description": "This file generates and saves the OpenAPI schema for the web application's API and writes it to a JSON file.", "external_files": ["src/api/main.py"], "external_methods": ["app.openapi()"], "published": [], "classes": [], "methods": [], "calls": ["app.openapi()", "os.makedirs()", "json.dump()"], "search-terms": ["generate_openapi", "openapi_schema", "interfaces"], "state": 2, "file_id": 1, "knowledge_revision": 6, "git_revision": "40e28127f076d62855adfca944f21825c26079d9", "ctags": [{"_type": "tag", "name": "openapi_schema", "path": "/home/kavia/workspace/code-generation/sudoku-solver-web-app-201454-201463/sudoku_solver_backend/src/api/generate_openapi.py", "pattern": "/^openapi_schema = app.openapi()$/", "language": "Python", "kind": "variable"}, {"_type": "tag", "name": "output_dir", "path": "/home/kavia/workspace/code-generation/sudoku-solver-web-app-201454-201463/sudoku_solver_backend/src/api/generate_openapi.py", "pattern": "/^output_dir = \"interfaces\"$/", "language": "Python", "kind": "variable"}, {"_type": "tag", "name": "output_path", "path": "/home/kavia/workspace/code-generation/sudoku-solver-web-app-201454-201463/sudoku_solver_backend/src/api/generate_openapi.py", "pattern": "/^output_path = os.path.join(output_dir, \"openapi.json\")$/", "language": "Python", "kind": "variable"}], "hash": "61e3715e79bc397fab3e70f503a41417", "format-version": 4, "code-base-name": "sudoku_solver_backend", "filename": "sudoku_solver_backend/src/api/generate_openapi.py", "fields": [{"name": "openapi_schema = app.openapi()", "scope": "", "scopeKind": "", "description": "unavailable"}, {"name": "output_dir = \"interfaces\"", "scope": "", "scopeKind": "", "description": "unavailable"}, {"name": "output_path = os.path.join(output_dir, \"openapi.json\")", "scope": "", "scopeKind": "", "description": "unavailable"}], "revision_history": [{"6": "40e28127f076d62855adfca944f21825c26079d9"}]}